{
  "inference_time_ms": 175.39724588394165,
  "test_accuracy": 0.9121428571428571,
  "correct_predictions": 3831,
  "total_predictions": 4200,
  "category_accuracy": {
    "cat": 0.9,
    "dog": 0.58,
    "house": 0.98,
    "tree": 0.9733333333333334,
    "car": 0.94,
    "bird": 0.86,
    "fish": 0.96,
    "flower": 0.9466666666666667,
    "sun": 0.98,
    "moon": 0.8733333333333333,
    "apple": 0.96,
    "banana": 0.88,
    "grapes": 0.94,
    "strawberry": 0.96,
    "pizza": 0.9533333333333334,
    "hamburger": 0.9533333333333334,
    "hot dog": 0.86,
    "ice cream": 0.98,
    "cake": 0.9466666666666667,
    "airplane": 0.98,
    "train": 0.9133333333333333,
    "bicycle": 0.9866666666666667,
    "helicopter": 0.9666666666666667,
    "elephant": 0.8933333333333333,
    "giraffe": 0.94,
    "lion": 0.9,
    "tiger": 0.7933333333333333,
    "bear": 0.74
  }
}